production_id,production_date,product_id,machine_id,plant_id,employee_id,shift_id,produced_quantity,good_quantity,defective_quantity,production_hours,downtime_hours,material_cost,production_cost
PR001,2026-08-01,P001,M001,PL001,E001,S01,500,480,20,7.50,0.50,90000.00,125000.00
PR002,2026-08-01,P002,M002,PL001,E002,S02,400,390,10,7.00,1.00,60000.00,85000.00
PR003,2026-08-02,P003,M003,PL002,E004,S01,650,620,30,7.80,0.20,50000.00,72000.00
PR004,2026-08-02,P004,M004,PL002,E001,S02,350,335,15,6.50,1.50,80000.00,110000.00
PR005,2026-08-03,P005,M005,PL003,E006,S01,800,780,20,7.20,0.80,40000.00,60000.00
PR006,2026-08-03,P006,M006,PL003,E002,S03,450,430,20,6.80,1.20,70000.00,98000.00
PR007,2026-08-04,P001,M001,PL001,E001,S02,550,535,15,7.60,0.40,99000.00,137000.00
PR008,2026-08-04,P002,M002,PL001,E004,S03,420,405,15,7.30,0.70,63000.00,89000.00
PR009,2026-08-05,P003,M003,PL002,E002,S01,700,675,25,7.90,0.10,54000.00,78000.00
PR010,2026-08-05,P004,M004,PL002,E005,S02,380,360,20,6.90,1.10,87000.00,118000.00
PR011,2026-08-06,P005,M005,PL003,E006,S01,850,830,20,7.40,0.60,42500.00,64000.00
PR012,2026-08-06,P006,M006,PL003,E001,S03,480,462,18,7.00,1.00,75000.00,104000.00
PR013,2026-08-07,P001,M001,PL001,E002,S01,600,575,25,7.70,0.30,108000.00,149000.00
PR014,2026-08-07,P003,M003,PL002,E004,S02,720,695,25,7.80,0.20,55000.00,79000.00
PR015,2026-08-08,P005,M005,PL003,E006,S03,900,870,30,7.60,0.40,45000.00,67000.00
PR016,2026-08-15,P001,M001,PL001,E001,S01,650,625,25,7.80,0.20,117000.00,160000.00
